{
  "meta": {
    "caseId": "fbd9dc9d-866c-431a-94f7-22a0c7d242ae",
    "caseName": "minitest-1",
    "remarks": "",
    "version": "0.0.1",
    "startTime": 1677745002141,
    "endTime": 1677745075119,
    "appid": "wx88200263e4a9cf58",
    "casePath": "",
    "caseType": "normal",
    "commonParams": [
      {
        "key": "1677745075139",
        "name": "",
        "value": ""
      }
    ]
  },
  "env": {
    "wxapplibVersion": "2.19.4",
    "devtoolsVersion": "1.06.2210310",
    "openid": "o6zAJs3csYWxREVSWmU5OKh5WIe4",
    "entry": {
      "path": "pages/index/index",
      "query": "",
      "scene": 1001
    },
    "mock": [
      "none"
    ],
    "maxWaitFor": 10000,
    "ignoreSelectors": [],
    "mockAPIs": [],
    "cleanCache": [
      "none"
    ],
    "groupTouch": false,
    "device": "iPhone 5",
    "simulatorType": "wechat",
    "recordAPIs": [
      "chooseMedia"
    ]
  },
  "commands": [
    {
      "layer": "tool",
      "commandType": "operate",
      "command": "startRecord",
      "waitfor": 0,
      "timeStamp": 1677745002141,
      "desc": ""
    },
    {
      "tagName": "",
      "command": "scroll",
      "target": "/",
      "path": "pages/index/index",
      "eventData": {
        "scrollDetail": {
          "scrollTop": 90.4000015258789,
          "scrollLeft": 0
        }
      },
      "targetCandidates": [],
      "timeStamp": 3439,
      "waitfor": 3439,
      "desc": "",
      "commandType": "operate",
      "layer": "pageframe"
    },
    {
      "timeStamp": 4443,
      "waitfor": 1004,
      "desc": "",
      "commandType": "operate",
      "layer": "native",
      "command": "switchTab",
      "text": "创作",
      "data": {
        "url": "pages/create/create"
      }
    },
    {
      "timeStamp": 5929,
      "waitfor": 1486,
      "desc": "",
      "commandType": "operate",
      "layer": "native",
      "command": "switchTab",
      "text": "我的",
      "data": {
        "url": "pages/mine/mine"
      }
    },
    {
      "timeStamp": 7777,
      "waitfor": 1848,
      "desc": "",
      "commandType": "operate",
      "layer": "native",
      "command": "switchTab",
      "text": "首页",
      "data": {
        "url": "pages/index/index"
      }
    },
    {
      "tagName": "text",
      "command": "touchstart",
      "target": "/view[3]/view[1]/navigator/view[2]/view[2]/text",
      "value": null,
      "childName": "main",
      "path": "pages/index/index",
      "text": "李元芳这个赛季加强了，如果想上一波王者，必拿下李元芳",
      "eventData": {
        "detail": {},
        "changedTouches": [
          {
            "clientX": 113.5,
            "clientY": 119.1500015258789,
            "force": 1,
            "pageX": 113.5,
            "pageY": 209.5500030517578,
            "radiusX": 11.5,
            "radiusY": 11.5,
            "screenX": 262.3999938964844,
            "screenY": 336
          }
        ],
        "touches": [
          {
            "clientX": 113.5,
            "clientY": 119.1500015258789,
            "force": 1,
            "pageX": 113.5,
            "pageY": 209.5500030517578,
            "radiusX": 11.5,
            "radiusY": 11.5,
            "screenX": 262.3999938964844,
            "screenY": 336
          }
        ]
      },
      "targetCandidates": [
        "/view[3]/view[1]/navigator/view[2]/view[2]/text"
      ],
      "timeStamp": 8860,
      "waitfor": 1083,
      "desc": "",
      "commandType": "operate",
      "layer": "pageframe"
    },
    {
      "tagName": "text",
      "command": "touchend",
      "target": "/view[3]/view[1]/navigator/view[2]/view[2]/text",
      "value": null,
      "childName": "main",
      "path": "pages/index/index",
      "text": "李元芳这个赛季加强了，如果想上一波王者，必拿下李元芳",
      "eventData": {
        "detail": {},
        "changedTouches": [
          {
            "clientX": 113.5,
            "clientY": 119.1500015258789,
            "pageX": 113.5,
            "pageY": 209.5500030517578,
            "radiusX": 11.5,
            "radiusY": 11.5,
            "screenX": 262.3999938964844,
            "screenY": 336
          }
        ],
        "touches": []
      },
      "targetCandidates": [
        "/view[3]/view[1]/navigator/view[2]/view[2]/text"
      ],
      "timeStamp": 8972,
      "waitfor": 112,
      "desc": "",
      "commandType": "operate",
      "layer": "pageframe"
    },
    {
      "tagName": "text",
      "command": "tap",
      "target": "/view[3]/view[1]/navigator/view[2]/view[2]/text",
      "value": null,
      "childName": "main",
      "path": "pages/index/index",
      "text": "李元芳这个赛季加强了，如果想上一波王者，必拿下李元芳",
      "eventData": {
        "detail": {
          "x": 113.5,
          "y": 209.5500030517578
        },
        "changedTouches": [
          {
            "clientX": 113.5,
            "clientY": 119.1500015258789,
            "force": 1,
            "pageX": 113.5,
            "pageY": 209.5500030517578,
            "radiusX": 11.5,
            "radiusY": 11.5,
            "screenX": 262.3999938964844,
            "screenY": 336
          }
        ],
        "touches": [
          {
            "clientX": 113.5,
            "clientY": 119.1500015258789,
            "force": 1,
            "pageX": 113.5,
            "pageY": 209.5500030517578,
            "radiusX": 11.5,
            "radiusY": 11.5,
            "screenX": 262.3999938964844,
            "screenY": 336
          }
        ]
      },
      "targetCandidates": [
        "/view[3]/view[1]/navigator/view[2]/view[2]/text"
      ],
      "timeStamp": 8974,
      "waitfor": 2,
      "desc": "",
      "commandType": "operate",
      "layer": "pageframe"
    },
    {
      "timeStamp": 11479,
      "waitfor": 2505,
      "desc": "",
      "commandType": "operate",
      "layer": "native",
      "command": "navigateLeft",
      "text": ""
    },
    {
      "timeStamp": 12708,
      "waitfor": 1229,
      "desc": "",
      "commandType": "operate",
      "layer": "native",
      "command": "switchTab",
      "text": "创作",
      "data": {
        "url": "pages/create/create"
      }
    },
    {
      "tagName": "textarea",
      "command": "touchstart",
      "target": "textarea.title-input",
      "childName": "textarea",
      "path": "pages/create/create",
      "text": "请输入标题\na",
      "eventData": {
        "detail": {}
      },
      "targetCandidates": [
        "textarea.title-input",
        ".title-input",
        "/view/view[1]/textarea[1]"
      ],
      "timeStamp": 13499,
      "waitfor": 791,
      "desc": "",
      "commandType": "operate",
      "layer": "pageframe"
    },
    {
      "tagName": "textarea",
      "command": "touchend",
      "target": "textarea.title-input",
      "childName": "textarea",
      "path": "pages/create/create",
      "text": "请输入标题\na",
      "eventData": {
        "detail": {}
      },
      "targetCandidates": [
        "textarea.title-input",
        ".title-input",
        "/view/view[1]/textarea[1]"
      ],
      "timeStamp": 13612,
      "waitfor": 113,
      "desc": "",
      "commandType": "operate",
      "layer": "pageframe"
    },
    {
      "tagName": "textarea",
      "command": "tap",
      "target": "textarea.title-input",
      "childName": "textarea",
      "path": "pages/create/create",
      "text": "请输入标题\na",
      "eventData": {
        "detail": {
          "x": 68.80001068115234,
          "y": 17.600006103515625
        }
      },
      "targetCandidates": [
        "textarea.title-input",
        ".title-input",
        "/view/view[1]/textarea[1]"
      ],
      "timeStamp": 13612,
      "waitfor": 0,
      "desc": "",
      "commandType": "operate",
      "layer": "pageframe"
    },
    {
      "tagName": "textarea",
      "command": "input",
      "target": "textarea.title-input",
      "value": "你好",
      "childName": "textarea",
      "path": "pages/create/create",
      "text": "你好",
      "eventData": {},
      "targetCandidates": [
        "textarea.title-input",
        ".title-input",
        "/view/view[1]/textarea[1]"
      ],
      "timeStamp": 15847,
      "waitfor": 2235,
      "desc": "",
      "commandType": "operate",
      "layer": "pageframe"
    },
    {
      "tagName": "textarea",
      "command": "touchstart",
      "target": "textarea.text-input",
      "childName": "textarea",
      "path": "pages/create/create",
      "text": "请输入文本\na",
      "eventData": {
        "detail": {}
      },
      "targetCandidates": [
        "textarea.text-input",
        ".text-input",
        "/view/view[1]/textarea[2]"
      ],
      "timeStamp": 16993,
      "waitfor": 1146,
      "desc": "",
      "commandType": "operate",
      "layer": "pageframe"
    },
    {
      "tagName": "textarea",
      "command": "touchend",
      "target": "textarea.text-input",
      "childName": "textarea",
      "path": "pages/create/create",
      "text": "请输入文本\na",
      "eventData": {
        "detail": {}
      },
      "targetCandidates": [
        "textarea.text-input",
        ".text-input",
        "/view/view[1]/textarea[2]"
      ],
      "timeStamp": 17018,
      "waitfor": 25,
      "desc": "",
      "commandType": "operate",
      "layer": "pageframe"
    },
    {
      "tagName": "textarea",
      "command": "tap",
      "target": "textarea.text-input",
      "childName": "textarea",
      "path": "pages/create/create",
      "text": "请输入文本\na",
      "eventData": {
        "detail": {
          "x": 69.5,
          "y": 91.15001678466797
        }
      },
      "targetCandidates": [
        "textarea.text-input",
        ".text-input",
        "/view/view[1]/textarea[2]"
      ],
      "timeStamp": 17019,
      "waitfor": 1,
      "desc": "",
      "commandType": "operate",
      "layer": "pageframe"
    },
    {
      "tagName": "textarea",
      "command": "input",
      "target": "textarea.text-input",
      "value": "hello world",
      "childName": "textarea",
      "path": "pages/create/create",
      "text": "hello world",
      "eventData": {},
      "targetCandidates": [
        "textarea.text-input",
        ".text-input",
        "/view/view[1]/textarea[2]"
      ],
      "timeStamp": 21526,
      "waitfor": 4507,
      "desc": "",
      "commandType": "operate",
      "layer": "pageframe"
    },
    {
      "tagName": "textarea",
      "command": "touchstart",
      "target": "textarea.name-input",
      "childName": "textarea",
      "path": "pages/create/create",
      "text": "请输入名字\na",
      "eventData": {
        "detail": {}
      },
      "targetCandidates": [
        "textarea.name-input",
        ".name-input",
        "/view/view[1]/textarea[3]"
      ],
      "timeStamp": 22831,
      "waitfor": 1305,
      "desc": "",
      "commandType": "operate",
      "layer": "pageframe"
    },
    {
      "tagName": "textarea",
      "command": "touchend",
      "target": "textarea.name-input",
      "childName": "textarea",
      "path": "pages/create/create",
      "text": "请输入名字\na",
      "eventData": {
        "detail": {}
      },
      "targetCandidates": [
        "textarea.name-input",
        ".name-input",
        "/view/view[1]/textarea[3]"
      ],
      "timeStamp": 22857,
      "waitfor": 26,
      "desc": "",
      "commandType": "operate",
      "layer": "pageframe"
    },
    {
      "tagName": "textarea",
      "command": "tap",
      "target": "textarea.name-input",
      "childName": "textarea",
      "path": "pages/create/create",
      "text": "请输入名字\na",
      "eventData": {
        "detail": {
          "x": 95.9000015258789,
          "y": 146.34999084472656
        }
      },
      "targetCandidates": [
        "textarea.name-input",
        ".name-input",
        "/view/view[1]/textarea[3]"
      ],
      "timeStamp": 22860,
      "waitfor": 3,
      "desc": "",
      "commandType": "operate",
      "layer": "pageframe"
    },
    {
      "tagName": "textarea",
      "command": "input",
      "target": "textarea.name-input",
      "value": "王者荣耀",
      "childName": "textarea",
      "path": "pages/create/create",
      "text": "王者荣耀",
      "eventData": {},
      "targetCandidates": [
        "textarea.name-input",
        ".name-input",
        "/view/view[1]/textarea[3]"
      ],
      "timeStamp": 26929,
      "waitfor": 4069,
      "desc": "",
      "commandType": "operate",
      "layer": "pageframe"
    },
    {
      "tagName": "textarea",
      "command": "touchstart",
      "target": "textarea.kind-input",
      "childName": "textarea",
      "path": "pages/create/create",
      "text": "请输入游戏类型\na",
      "eventData": {
        "detail": {}
      },
      "targetCandidates": [
        "textarea.kind-input",
        ".kind-input",
        "/view/view[1]/textarea[4]"
      ],
      "timeStamp": 28211,
      "waitfor": 1282,
      "desc": "",
      "commandType": "operate",
      "layer": "pageframe"
    },
    {
      "tagName": "textarea",
      "command": "touchend",
      "target": "textarea.kind-input",
      "childName": "textarea",
      "path": "pages/create/create",
      "text": "请输入游戏类型\na",
      "eventData": {
        "detail": {}
      },
      "targetCandidates": [
        "textarea.kind-input",
        ".kind-input",
        "/view/view[1]/textarea[4]"
      ],
      "timeStamp": 28213,
      "waitfor": 2,
      "desc": "",
      "commandType": "operate",
      "layer": "pageframe"
    },
    {
      "tagName": "textarea",
      "command": "tap",
      "target": "textarea.kind-input",
      "childName": "textarea",
      "path": "pages/create/create",
      "text": "请输入游戏类型\na",
      "eventData": {
        "detail": {
          "x": 113.5,
          "y": 199.9499969482422
        }
      },
      "targetCandidates": [
        "textarea.kind-input",
        ".kind-input",
        "/view/view[1]/textarea[4]"
      ],
      "timeStamp": 28215,
      "waitfor": 2,
      "desc": "",
      "commandType": "operate",
      "layer": "pageframe"
    },
    {
      "tagName": "textarea",
      "command": "input",
      "target": "textarea.kind-input",
      "value": "MOBA",
      "childName": "textarea",
      "path": "pages/create/create",
      "text": "MOBA",
      "eventData": {},
      "targetCandidates": [
        "textarea.kind-input",
        ".kind-input",
        "/view/view[1]/textarea[4]"
      ],
      "timeStamp": 30002,
      "waitfor": 1787,
      "desc": "",
      "commandType": "operate",
      "layer": "pageframe"
    },
    {
      "tagName": "image",
      "command": "touchstart",
      "target": "/view/view[2]/image",
      "value": null,
      "path": "pages/create/create",
      "text": "",
      "eventData": {
        "detail": {},
        "changedTouches": [
          {
            "clientX": 21.5,
            "clientY": 243.15000915527344,
            "force": 1,
            "pageX": 21.5,
            "pageY": 243.15000915527344,
            "radiusX": 11.5,
            "radiusY": 11.5,
            "screenX": 170.40000915527344,
            "screenY": 460
          }
        ],
        "touches": [
          {
            "clientX": 21.5,
            "clientY": 243.15000915527344,
            "force": 1,
            "pageX": 21.5,
            "pageY": 243.15000915527344,
            "radiusX": 11.5,
            "radiusY": 11.5,
            "screenX": 170.40000915527344,
            "screenY": 460
          }
        ]
      },
      "targetCandidates": [
        "/view/view[2]/image"
      ],
      "timeStamp": 31680,
      "waitfor": 1678,
      "desc": "",
      "commandType": "operate",
      "layer": "pageframe"
    },
    {
      "tagName": "image",
      "command": "touchend",
      "target": "/view/view[2]/image",
      "value": null,
      "path": "pages/create/create",
      "text": "",
      "eventData": {
        "detail": {},
        "changedTouches": [
          {
            "clientX": 23.200000762939453,
            "clientY": 243.1999969482422,
            "pageX": 23.200000762939453,
            "pageY": 243.1999969482422,
            "radiusX": 11.5,
            "radiusY": 11.5,
            "screenX": 172,
            "screenY": 460
          }
        ],
        "touches": []
      },
      "targetCandidates": [
        "/view/view[2]/image"
      ],
      "timeStamp": 31801,
      "waitfor": 121,
      "desc": "",
      "commandType": "operate",
      "layer": "pageframe"
    },
    {
      "tagName": "image",
      "command": "tap",
      "target": "/view/view[2]/image",
      "value": null,
      "path": "pages/create/create",
      "text": "",
      "eventData": {
        "detail": {
          "x": 23.200000762939453,
          "y": 243.1999969482422
        },
        "changedTouches": [
          {
            "clientX": 21.5,
            "clientY": 243.15000915527344,
            "force": 1,
            "pageX": 21.5,
            "pageY": 243.15000915527344,
            "radiusX": 11.5,
            "radiusY": 11.5,
            "screenX": 170.40000915527344,
            "screenY": 460
          }
        ],
        "touches": [
          {
            "clientX": 21.5,
            "clientY": 243.15000915527344,
            "force": 1,
            "pageX": 21.5,
            "pageY": 243.15000915527344,
            "radiusX": 11.5,
            "radiusY": 11.5,
            "screenX": 170.40000915527344,
            "screenY": 460
          }
        ]
      },
      "targetCandidates": [
        "/view/view[2]/image"
      ],
      "timeStamp": 31802,
      "waitfor": 1,
      "desc": "",
      "commandType": "operate",
      "layer": "pageframe"
    },
    {
      "layer": "appservice",
      "command": "mock",
      "rule": {
        "ruleId": "ed256ec5-61b4-4bf3-ac7a-359611e78f6f",
        "ruleName": "chooseMedia",
        "apiName": "chooseMedia",
        "enable": true,
        "verifyFail": false,
        "isOneTime": true,
        "filterList": [],
        "returnConfig": {
          "returnType": "succ",
          "generateType": "manual",
          "manual": {
            "succ": {
              "resStr": "{\"errMsg\":\"chooseMedia:ok\",\"type\":\"image\",\"tempFiles\":[{\"tempFilePath\":\"http://tmp/uVZNrW8YU48k6a1a06809f3f1970a3570262f80f1b68.png\",\"size\":61533,\"fileType\":\"image\"}]}"
            },
            "fail": {
              "resStr": ""
            }
          }
        },
        "originArgs": [
          {
            "count": 1,
            "mediaType": [
              "image"
            ],
            "sourceType": [
              "album",
              "camera"
            ]
          }
        ],
        "mediaFiles": {
          "http://tmp/uVZNrW8YU48k6a1a06809f3f1970a3570262f80f1b68.png": "uVZNrW8YU48k6a1a06809f3f1970a3570262f80f1b68.png"
        }
      }
    },
    {
      "tagName": "button",
      "command": "touchstart",
      "target": "/view/view[4]/button",
      "value": null,
      "path": "pages/create/create",
      "text": "确认发布",
      "eventData": {
        "detail": {},
        "changedTouches": [
          {
            "clientX": 209.50003051757812,
            "clientY": 433.550048828125,
            "force": 1,
            "pageX": 209.50003051757812,
            "pageY": 433.550048828125,
            "radiusX": 11.5,
            "radiusY": 11.5,
            "screenX": 358.3999938964844,
            "screenY": 650.4000244140625
          }
        ],
        "touches": [
          {
            "clientX": 209.50003051757812,
            "clientY": 433.550048828125,
            "force": 1,
            "pageX": 209.50003051757812,
            "pageY": 433.550048828125,
            "radiusX": 11.5,
            "radiusY": 11.5,
            "screenX": 358.3999938964844,
            "screenY": 650.4000244140625
          }
        ]
      },
      "targetCandidates": [
        "/view/view[4]/button"
      ],
      "timeStamp": 35870,
      "waitfor": 4068,
      "desc": "",
      "commandType": "operate",
      "layer": "pageframe"
    },
    {
      "tagName": "button",
      "command": "touchend",
      "target": "/view/view[4]/button",
      "value": null,
      "path": "pages/create/create",
      "text": "确认发布",
      "eventData": {
        "detail": {},
        "changedTouches": [
          {
            "clientX": 209.60000610351562,
            "clientY": 432.800048828125,
            "pageX": 209.60000610351562,
            "pageY": 432.800048828125,
            "radiusX": 11.5,
            "radiusY": 11.5,
            "screenX": 358.3999938964844,
            "screenY": 649.6000366210938
          }
        ],
        "touches": []
      },
      "targetCandidates": [
        "/view/view[4]/button"
      ],
      "timeStamp": 36004,
      "waitfor": 134,
      "desc": "",
      "commandType": "operate",
      "layer": "pageframe"
    },
    {
      "tagName": "button",
      "command": "tap",
      "target": "/view/view[4]/button",
      "value": null,
      "path": "pages/create/create",
      "text": "确认发布",
      "eventData": {
        "detail": {
          "x": 209.60000610351562,
          "y": 432.800048828125
        },
        "changedTouches": [
          {
            "clientX": 209.50003051757812,
            "clientY": 433.550048828125,
            "force": 1,
            "pageX": 209.50003051757812,
            "pageY": 433.550048828125,
            "radiusX": 11.5,
            "radiusY": 11.5,
            "screenX": 358.3999938964844,
            "screenY": 650.4000244140625
          }
        ],
        "touches": [
          {
            "clientX": 209.50003051757812,
            "clientY": 433.550048828125,
            "force": 1,
            "pageX": 209.50003051757812,
            "pageY": 433.550048828125,
            "radiusX": 11.5,
            "radiusY": 11.5,
            "screenX": 358.3999938964844,
            "screenY": 650.4000244140625
          }
        ]
      },
      "targetCandidates": [
        "/view/view[4]/button"
      ],
      "timeStamp": 36005,
      "waitfor": 1,
      "desc": "",
      "commandType": "operate",
      "layer": "pageframe"
    },
    {
      "timeStamp": 37718,
      "waitfor": 1713,
      "desc": "",
      "commandType": "operate",
      "layer": "native",
      "command": "switchTab",
      "text": "首页",
      "data": {
        "url": "pages/index/index"
      }
    },
    {
      "tagName": "view",
      "command": "touchstart",
      "target": "/view[3]/view[1]/navigator/view[1]",
      "value": null,
      "path": "pages/index/index",
      "text": "李元芳赛季加强",
      "eventData": {
        "detail": {},
        "changedTouches": [
          {
            "clientX": 155.9000244140625,
            "clientY": 87.15001678466797,
            "force": 1,
            "pageX": 155.9000244140625,
            "pageY": 177.55001831054688,
            "radiusX": 11.5,
            "radiusY": 11.5,
            "screenX": 304.8000183105469,
            "screenY": 304
          }
        ],
        "touches": [
          {
            "clientX": 155.9000244140625,
            "clientY": 87.15001678466797,
            "force": 1,
            "pageX": 155.9000244140625,
            "pageY": 177.55001831054688,
            "radiusX": 11.5,
            "radiusY": 11.5,
            "screenX": 304.8000183105469,
            "screenY": 304
          }
        ]
      },
      "targetCandidates": [
        "/view[3]/view[1]/navigator/view[1]"
      ],
      "timeStamp": 38887,
      "waitfor": 1169,
      "desc": "",
      "commandType": "operate",
      "layer": "pageframe"
    },
    {
      "tagName": "view",
      "command": "touchmove",
      "target": "/view[3]/view[1]/navigator/view[1]",
      "value": null,
      "path": "pages/index/index",
      "text": "李元芳赛季加强",
      "eventData": {
        "detail": {},
        "changedTouches": [
          {
            "clientX": 163.20001220703125,
            "clientY": 297.6000671386719,
            "force": 1,
            "pageX": 163.20001220703125,
            "pageY": 297.6000671386719,
            "radiusX": 11.5,
            "radiusY": 11.5,
            "screenX": 312,
            "screenY": 514.4000244140625
          }
        ],
        "touches": [
          {
            "clientX": 163.20001220703125,
            "clientY": 297.6000671386719,
            "force": 1,
            "pageX": 163.20001220703125,
            "pageY": 297.6000671386719,
            "radiusX": 11.5,
            "radiusY": 11.5,
            "screenX": 312,
            "screenY": 514.4000244140625
          }
        ]
      },
      "targetCandidates": [
        "/view[3]/view[1]/navigator/view[1]"
      ],
      "timeStamp": 39133,
      "waitfor": 246,
      "desc": "",
      "commandType": "operate",
      "layer": "pageframe"
    },
    {
      "tagName": "",
      "command": "scroll",
      "target": "/",
      "path": "pages/index/index",
      "eventData": {
        "scrollDetail": {
          "scrollTop": 0,
          "scrollLeft": 0
        }
      },
      "targetCandidates": [],
      "timeStamp": 39139,
      "waitfor": 6,
      "desc": "",
      "commandType": "operate",
      "layer": "pageframe"
    },
    {
      "tagName": "view",
      "command": "touchmove",
      "target": "/view[3]/view[1]/navigator/view[1]",
      "value": null,
      "path": "pages/index/index",
      "text": "李元芳赛季加强",
      "eventData": {
        "detail": {},
        "changedTouches": [
          {
            "clientX": 164.8000030517578,
            "clientY": 308,
            "force": 1,
            "pageX": 164.8000030517578,
            "pageY": 308,
            "radiusX": 11.5,
            "radiusY": 11.5,
            "screenX": 313.6000061035156,
            "screenY": 524.7999877929688
          }
        ],
        "touches": [
          {
            "clientX": 164.8000030517578,
            "clientY": 308,
            "force": 1,
            "pageX": 164.8000030517578,
            "pageY": 308,
            "radiusX": 11.5,
            "radiusY": 11.5,
            "screenX": 313.6000061035156,
            "screenY": 524.7999877929688
          }
        ]
      },
      "targetCandidates": [
        "/view[3]/view[1]/navigator/view[1]"
      ],
      "timeStamp": 39217,
      "waitfor": 78,
      "desc": "",
      "commandType": "operate",
      "layer": "pageframe"
    },
    {
      "tagName": "view",
      "command": "touchend",
      "target": "/view[3]/view[1]/navigator/view[1]",
      "value": null,
      "path": "pages/index/index",
      "text": "李元芳赛季加强",
      "eventData": {
        "detail": {},
        "changedTouches": [
          {
            "clientX": 164.8000030517578,
            "clientY": 308.800048828125,
            "pageX": 164.8000030517578,
            "pageY": 308.800048828125,
            "radiusX": 11.5,
            "radiusY": 11.5,
            "screenX": 313.6000061035156,
            "screenY": 525.6000366210938
          }
        ],
        "touches": []
      },
      "targetCandidates": [
        "/view[3]/view[1]/navigator/view[1]"
      ],
      "timeStamp": 39259,
      "waitfor": 42,
      "desc": "",
      "commandType": "operate",
      "layer": "pageframe"
    },
    {
      "tagName": "image",
      "command": "touchstart",
      "target": "/view[2]/swiper/swiper-item[3]/image",
      "value": null,
      "path": "pages/index/index",
      "text": "",
      "eventData": {
        "detail": {},
        "changedTouches": [
          {
            "clientX": 151.10000610351562,
            "clientY": 96.75001525878906,
            "force": 1,
            "pageX": 151.10000610351562,
            "pageY": 96.75001525878906,
            "radiusX": 11.5,
            "radiusY": 11.5,
            "screenX": 300,
            "screenY": 313.6000061035156
          }
        ],
        "touches": [
          {
            "clientX": 151.10000610351562,
            "clientY": 96.75001525878906,
            "force": 1,
            "pageX": 151.10000610351562,
            "pageY": 96.75001525878906,
            "radiusX": 11.5,
            "radiusY": 11.5,
            "screenX": 300,
            "screenY": 313.6000061035156
          }
        ]
      },
      "targetCandidates": [
        "/view[2]/swiper/swiper-item[3]/image"
      ],
      "timeStamp": 39727,
      "waitfor": 468,
      "desc": "",
      "commandType": "operate",
      "layer": "pageframe"
    },
    {
      "tagName": "image",
      "command": "touchmove",
      "target": "/view[2]/swiper/swiper-item[3]/image",
      "value": null,
      "path": "pages/index/index",
      "text": "",
      "eventData": {
        "detail": {},
        "changedTouches": [
          {
            "clientX": 176.00001525878906,
            "clientY": 452.800048828125,
            "force": 1,
            "pageX": 176.00001525878906,
            "pageY": 452.800048828125,
            "radiusX": 11.5,
            "radiusY": 11.5,
            "screenX": 324.8000183105469,
            "screenY": 669.6000366210938
          }
        ],
        "touches": [
          {
            "clientX": 176.00001525878906,
            "clientY": 452.800048828125,
            "force": 1,
            "pageX": 176.00001525878906,
            "pageY": 452.800048828125,
            "radiusX": 11.5,
            "radiusY": 11.5,
            "screenX": 324.8000183105469,
            "screenY": 669.6000366210938
          }
        ]
      },
      "targetCandidates": [
        "/view[2]/swiper/swiper-item[3]/image"
      ],
      "timeStamp": 40274,
      "waitfor": 547,
      "desc": "",
      "commandType": "operate",
      "layer": "pageframe"
    },
    {
      "tagName": "image",
      "command": "touchend",
      "target": "/view[2]/swiper/swiper-item[3]/image",
      "value": null,
      "path": "pages/index/index",
      "text": "",
      "eventData": {
        "detail": {},
        "changedTouches": [
          {
            "clientX": 176.00001525878906,
            "clientY": 452.800048828125,
            "pageX": 176.00001525878906,
            "pageY": 452.800048828125,
            "radiusX": 11.5,
            "radiusY": 11.5,
            "screenX": 324.8000183105469,
            "screenY": 669.6000366210938
          }
        ],
        "touches": []
      },
      "targetCandidates": [
        "/view[2]/swiper/swiper-item[3]/image"
      ],
      "timeStamp": 40276,
      "waitfor": 2,
      "desc": "",
      "commandType": "operate",
      "layer": "pageframe"
    },
    {
      "tagName": "",
      "command": "scroll",
      "target": "/",
      "path": "pages/index/index",
      "eventData": {
        "scrollDetail": {
          "scrollTop": 184,
          "scrollLeft": 0
        }
      },
      "targetCandidates": [],
      "timeStamp": 44540,
      "waitfor": 4264,
      "desc": "",
      "commandType": "operate",
      "layer": "pageframe"
    },
    {
      "tagName": "image",
      "command": "touchstart",
      "target": "/view[3]/view[5]/navigator/view[2]/view[1]/image",
      "value": null,
      "path": "pages/index/index",
      "text": "",
      "eventData": {
        "detail": {},
        "changedTouches": [
          {
            "clientX": 51.10000228881836,
            "clientY": 415.1500244140625,
            "force": 1,
            "pageX": 51.10000228881836,
            "pageY": 599.1500244140625,
            "radiusX": 11.5,
            "radiusY": 11.5,
            "screenX": 200,
            "screenY": 632
          }
        ],
        "touches": [
          {
            "clientX": 51.10000228881836,
            "clientY": 415.1500244140625,
            "force": 1,
            "pageX": 51.10000228881836,
            "pageY": 599.1500244140625,
            "radiusX": 11.5,
            "radiusY": 11.5,
            "screenX": 200,
            "screenY": 632
          }
        ]
      },
      "targetCandidates": [
        "/view[3]/view[5]/navigator/view[2]/view[1]/image"
      ],
      "timeStamp": 45435,
      "waitfor": 895,
      "desc": "",
      "commandType": "operate",
      "layer": "pageframe"
    },
    {
      "tagName": "image",
      "command": "touchend",
      "target": "/view[3]/view[5]/navigator/view[2]/view[1]/image",
      "value": null,
      "path": "pages/index/index",
      "text": "",
      "eventData": {
        "detail": {},
        "changedTouches": [
          {
            "clientX": 51.10000228881836,
            "clientY": 415.1500244140625,
            "pageX": 51.10000228881836,
            "pageY": 599.1500244140625,
            "radiusX": 11.5,
            "radiusY": 11.5,
            "screenX": 200,
            "screenY": 632
          }
        ],
        "touches": []
      },
      "targetCandidates": [
        "/view[3]/view[5]/navigator/view[2]/view[1]/image"
      ],
      "timeStamp": 45548,
      "waitfor": 113,
      "desc": "",
      "commandType": "operate",
      "layer": "pageframe"
    },
    {
      "tagName": "image",
      "command": "tap",
      "target": "/view[3]/view[5]/navigator/view[2]/view[1]/image",
      "value": null,
      "path": "pages/index/index",
      "text": "",
      "eventData": {
        "detail": {
          "x": 51.10000228881836,
          "y": 599.1500244140625
        },
        "changedTouches": [
          {
            "clientX": 51.10000228881836,
            "clientY": 415.1500244140625,
            "force": 1,
            "pageX": 51.10000228881836,
            "pageY": 599.1500244140625,
            "radiusX": 11.5,
            "radiusY": 11.5,
            "screenX": 200,
            "screenY": 632
          }
        ],
        "touches": [
          {
            "clientX": 51.10000228881836,
            "clientY": 415.1500244140625,
            "force": 1,
            "pageX": 51.10000228881836,
            "pageY": 599.1500244140625,
            "radiusX": 11.5,
            "radiusY": 11.5,
            "screenX": 200,
            "screenY": 632
          }
        ]
      },
      "targetCandidates": [
        "/view[3]/view[5]/navigator/view[2]/view[1]/image"
      ],
      "timeStamp": 45549,
      "waitfor": 1,
      "desc": "",
      "commandType": "operate",
      "layer": "pageframe"
    },
    {
      "timeStamp": 46871,
      "waitfor": 1322,
      "desc": "",
      "commandType": "operate",
      "layer": "native",
      "command": "navigateLeft",
      "text": ""
    },
    {
      "timeStamp": 48732,
      "waitfor": 1861,
      "desc": "",
      "commandType": "operate",
      "layer": "native",
      "command": "switchTab",
      "text": "我的",
      "data": {
        "url": "pages/mine/mine"
      }
    },
    {
      "tagName": "view",
      "command": "touchstart",
      "target": "view.my-work",
      "value": null,
      "path": "pages/mine/mine",
      "text": "我的作品",
      "eventData": {
        "detail": {},
        "changedTouches": [
          {
            "clientX": 127.0999984741211,
            "clientY": 275.1500244140625,
            "force": 1,
            "pageX": 127.0999984741211,
            "pageY": 275.1500244140625,
            "radiusX": 11.5,
            "radiusY": 11.5,
            "screenX": 276,
            "screenY": 492
          }
        ],
        "touches": [
          {
            "clientX": 127.0999984741211,
            "clientY": 275.1500244140625,
            "force": 1,
            "pageX": 127.0999984741211,
            "pageY": 275.1500244140625,
            "radiusX": 11.5,
            "radiusY": 11.5,
            "screenX": 276,
            "screenY": 492
          }
        ]
      },
      "targetCandidates": [
        "view.my-work",
        ".my-work",
        "/view/navigator[4]/view"
      ],
      "timeStamp": 50231,
      "waitfor": 1499,
      "desc": "",
      "commandType": "operate",
      "layer": "pageframe"
    },
    {
      "tagName": "view",
      "command": "touchend",
      "target": "view.my-work",
      "value": null,
      "path": "pages/mine/mine",
      "text": "我的作品",
      "eventData": {
        "detail": {},
        "changedTouches": [
          {
            "clientX": 127.0999984741211,
            "clientY": 275.1500244140625,
            "pageX": 127.0999984741211,
            "pageY": 275.1500244140625,
            "radiusX": 11.5,
            "radiusY": 11.5,
            "screenX": 276,
            "screenY": 492
          }
        ],
        "touches": []
      },
      "targetCandidates": [
        "view.my-work",
        ".my-work",
        "/view/navigator[4]/view"
      ],
      "timeStamp": 50354,
      "waitfor": 123,
      "desc": "",
      "commandType": "operate",
      "layer": "pageframe"
    },
    {
      "tagName": "view",
      "command": "tap",
      "target": "view.my-work",
      "value": null,
      "path": "pages/mine/mine",
      "text": "我的作品",
      "eventData": {
        "detail": {
          "x": 127.0999984741211,
          "y": 275.1500244140625
        },
        "changedTouches": [
          {
            "clientX": 127.0999984741211,
            "clientY": 275.1500244140625,
            "force": 1,
            "pageX": 127.0999984741211,
            "pageY": 275.1500244140625,
            "radiusX": 11.5,
            "radiusY": 11.5,
            "screenX": 276,
            "screenY": 492
          }
        ],
        "touches": [
          {
            "clientX": 127.0999984741211,
            "clientY": 275.1500244140625,
            "force": 1,
            "pageX": 127.0999984741211,
            "pageY": 275.1500244140625,
            "radiusX": 11.5,
            "radiusY": 11.5,
            "screenX": 276,
            "screenY": 492
          }
        ]
      },
      "targetCandidates": [
        "view.my-work",
        ".my-work",
        "/view/navigator[4]/view"
      ],
      "timeStamp": 50357,
      "waitfor": 3,
      "desc": "",
      "commandType": "operate",
      "layer": "pageframe"
    },
    {
      "timeStamp": 52149,
      "waitfor": 1792,
      "desc": "",
      "commandType": "operate",
      "layer": "native",
      "command": "navigateLeft",
      "text": ""
    },
    {
      "tagName": "view",
      "command": "touchstart",
      "target": "view.my-note",
      "value": null,
      "path": "pages/mine/mine",
      "text": "我的消息",
      "eventData": {
        "detail": {},
        "changedTouches": [
          {
            "clientX": 103.9000015258789,
            "clientY": 123.15001678466797,
            "force": 1,
            "pageX": 103.9000015258789,
            "pageY": 123.15001678466797,
            "radiusX": 11.5,
            "radiusY": 11.5,
            "screenX": 252.8000030517578,
            "screenY": 340
          }
        ],
        "touches": [
          {
            "clientX": 103.9000015258789,
            "clientY": 123.15001678466797,
            "force": 1,
            "pageX": 103.9000015258789,
            "pageY": 123.15001678466797,
            "radiusX": 11.5,
            "radiusY": 11.5,
            "screenX": 252.8000030517578,
            "screenY": 340
          }
        ]
      },
      "targetCandidates": [
        "view.my-note",
        ".my-note",
        "/view/navigator[1]/view"
      ],
      "timeStamp": 52891,
      "waitfor": 742,
      "desc": "",
      "commandType": "operate",
      "layer": "pageframe"
    },
    {
      "tagName": "view",
      "command": "touchend",
      "target": "view.my-note",
      "value": null,
      "path": "pages/mine/mine",
      "text": "我的消息",
      "eventData": {
        "detail": {},
        "changedTouches": [
          {
            "clientX": 104,
            "clientY": 121.59999084472656,
            "pageX": 104,
            "pageY": 121.59999084472656,
            "radiusX": 11.5,
            "radiusY": 11.5,
            "screenX": 252.8000030517578,
            "screenY": 338.3999938964844
          }
        ],
        "touches": []
      },
      "targetCandidates": [
        "view.my-note",
        ".my-note",
        "/view/navigator[1]/view"
      ],
      "timeStamp": 53008,
      "waitfor": 117,
      "desc": "",
      "commandType": "operate",
      "layer": "pageframe"
    },
    {
      "tagName": "view",
      "command": "tap",
      "target": "view.my-note",
      "value": null,
      "path": "pages/mine/mine",
      "text": "我的消息",
      "eventData": {
        "detail": {
          "x": 104,
          "y": 121.59999084472656
        },
        "changedTouches": [
          {
            "clientX": 103.9000015258789,
            "clientY": 123.15001678466797,
            "force": 1,
            "pageX": 103.9000015258789,
            "pageY": 123.15001678466797,
            "radiusX": 11.5,
            "radiusY": 11.5,
            "screenX": 252.8000030517578,
            "screenY": 340
          }
        ],
        "touches": [
          {
            "clientX": 103.9000015258789,
            "clientY": 123.15001678466797,
            "force": 1,
            "pageX": 103.9000015258789,
            "pageY": 123.15001678466797,
            "radiusX": 11.5,
            "radiusY": 11.5,
            "screenX": 252.8000030517578,
            "screenY": 340
          }
        ]
      },
      "targetCandidates": [
        "view.my-note",
        ".my-note",
        "/view/navigator[1]/view"
      ],
      "timeStamp": 53010,
      "waitfor": 2,
      "desc": "",
      "commandType": "operate",
      "layer": "pageframe"
    },
    {
      "timeStamp": 53959,
      "waitfor": 949,
      "desc": "",
      "commandType": "operate",
      "layer": "native",
      "command": "navigateLeft",
      "text": ""
    },
    {
      "tagName": "view",
      "command": "touchstart",
      "target": "view.my-collection",
      "value": null,
      "path": "pages/mine/mine",
      "text": "我的收藏",
      "eventData": {
        "detail": {},
        "changedTouches": [
          {
            "clientX": 111.0999984741211,
            "clientY": 163.9499969482422,
            "force": 1,
            "pageX": 111.0999984741211,
            "pageY": 163.9499969482422,
            "radiusX": 11.5,
            "radiusY": 11.5,
            "screenX": 260,
            "screenY": 380.8000183105469
          }
        ],
        "touches": [
          {
            "clientX": 111.0999984741211,
            "clientY": 163.9499969482422,
            "force": 1,
            "pageX": 111.0999984741211,
            "pageY": 163.9499969482422,
            "radiusX": 11.5,
            "radiusY": 11.5,
            "screenX": 260,
            "screenY": 380.8000183105469
          }
        ]
      },
      "targetCandidates": [
        "view.my-collection",
        ".my-collection",
        "/view/navigator[2]/view"
      ],
      "timeStamp": 54675,
      "waitfor": 716,
      "desc": "",
      "commandType": "operate",
      "layer": "pageframe"
    },
    {
      "tagName": "view",
      "command": "touchend",
      "target": "view.my-collection",
      "value": null,
      "path": "pages/mine/mine",
      "text": "我的收藏",
      "eventData": {
        "detail": {},
        "changedTouches": [
          {
            "clientX": 111.0999984741211,
            "clientY": 163.9499969482422,
            "pageX": 111.0999984741211,
            "pageY": 163.9499969482422,
            "radiusX": 11.5,
            "radiusY": 11.5,
            "screenX": 260,
            "screenY": 380.8000183105469
          }
        ],
        "touches": []
      },
      "targetCandidates": [
        "view.my-collection",
        ".my-collection",
        "/view/navigator[2]/view"
      ],
      "timeStamp": 54785,
      "waitfor": 110,
      "desc": "",
      "commandType": "operate",
      "layer": "pageframe"
    },
    {
      "tagName": "view",
      "command": "tap",
      "target": "view.my-collection",
      "value": null,
      "path": "pages/mine/mine",
      "text": "我的收藏",
      "eventData": {
        "detail": {
          "x": 111.0999984741211,
          "y": 163.9499969482422
        },
        "changedTouches": [
          {
            "clientX": 111.0999984741211,
            "clientY": 163.9499969482422,
            "force": 1,
            "pageX": 111.0999984741211,
            "pageY": 163.9499969482422,
            "radiusX": 11.5,
            "radiusY": 11.5,
            "screenX": 260,
            "screenY": 380.8000183105469
          }
        ],
        "touches": [
          {
            "clientX": 111.0999984741211,
            "clientY": 163.9499969482422,
            "force": 1,
            "pageX": 111.0999984741211,
            "pageY": 163.9499969482422,
            "radiusX": 11.5,
            "radiusY": 11.5,
            "screenX": 260,
            "screenY": 380.8000183105469
          }
        ]
      },
      "targetCandidates": [
        "view.my-collection",
        ".my-collection",
        "/view/navigator[2]/view"
      ],
      "timeStamp": 54787,
      "waitfor": 2,
      "desc": "",
      "commandType": "operate",
      "layer": "pageframe"
    },
    {
      "timeStamp": 55694,
      "waitfor": 907,
      "desc": "",
      "commandType": "operate",
      "layer": "native",
      "command": "navigateLeft",
      "text": ""
    },
    {
      "tagName": "view",
      "command": "touchstart",
      "target": "view.my-concern",
      "value": null,
      "path": "pages/mine/mine",
      "text": "我的关注",
      "eventData": {
        "detail": {},
        "changedTouches": [
          {
            "clientX": 123.0999984741211,
            "clientY": 231.9499969482422,
            "force": 1,
            "pageX": 123.0999984741211,
            "pageY": 231.9499969482422,
            "radiusX": 11.5,
            "radiusY": 11.5,
            "screenX": 272,
            "screenY": 448.8000183105469
          }
        ],
        "touches": [
          {
            "clientX": 123.0999984741211,
            "clientY": 231.9499969482422,
            "force": 1,
            "pageX": 123.0999984741211,
            "pageY": 231.9499969482422,
            "radiusX": 11.5,
            "radiusY": 11.5,
            "screenX": 272,
            "screenY": 448.8000183105469
          }
        ]
      },
      "targetCandidates": [
        "view.my-concern",
        ".my-concern",
        "/view/navigator[3]/view"
      ],
      "timeStamp": 56386,
      "waitfor": 692,
      "desc": "",
      "commandType": "operate",
      "layer": "pageframe"
    },
    {
      "tagName": "view",
      "command": "touchend",
      "target": "view.my-concern",
      "value": null,
      "path": "pages/mine/mine",
      "text": "我的关注",
      "eventData": {
        "detail": {},
        "changedTouches": [
          {
            "clientX": 123.0999984741211,
            "clientY": 231.9499969482422,
            "pageX": 123.0999984741211,
            "pageY": 231.9499969482422,
            "radiusX": 11.5,
            "radiusY": 11.5,
            "screenX": 272,
            "screenY": 448.8000183105469
          }
        ],
        "touches": []
      },
      "targetCandidates": [
        "view.my-concern",
        ".my-concern",
        "/view/navigator[3]/view"
      ],
      "timeStamp": 56453,
      "waitfor": 67,
      "desc": "",
      "commandType": "operate",
      "layer": "pageframe"
    },
    {
      "tagName": "view",
      "command": "tap",
      "target": "view.my-concern",
      "value": null,
      "path": "pages/mine/mine",
      "text": "我的关注",
      "eventData": {
        "detail": {
          "x": 123.0999984741211,
          "y": 231.9499969482422
        },
        "changedTouches": [
          {
            "clientX": 123.0999984741211,
            "clientY": 231.9499969482422,
            "force": 1,
            "pageX": 123.0999984741211,
            "pageY": 231.9499969482422,
            "radiusX": 11.5,
            "radiusY": 11.5,
            "screenX": 272,
            "screenY": 448.8000183105469
          }
        ],
        "touches": [
          {
            "clientX": 123.0999984741211,
            "clientY": 231.9499969482422,
            "force": 1,
            "pageX": 123.0999984741211,
            "pageY": 231.9499969482422,
            "radiusX": 11.5,
            "radiusY": 11.5,
            "screenX": 272,
            "screenY": 448.8000183105469
          }
        ]
      },
      "targetCandidates": [
        "view.my-concern",
        ".my-concern",
        "/view/navigator[3]/view"
      ],
      "timeStamp": 56456,
      "waitfor": 3,
      "desc": "",
      "commandType": "operate",
      "layer": "pageframe"
    },
    {
      "timeStamp": 57444,
      "waitfor": 988,
      "desc": "",
      "commandType": "operate",
      "layer": "native",
      "command": "navigateLeft",
      "text": ""
    },
    {
      "timeStamp": 58455,
      "waitfor": 1011,
      "desc": "",
      "commandType": "operate",
      "layer": "native",
      "command": "switchTab",
      "text": "首页",
      "data": {
        "url": "pages/index/index"
      }
    },
    {
      "tagName": "view",
      "command": "touchstart",
      "target": "/view[3]/view[1]/navigator/view[2]/view[2]",
      "value": null,
      "path": "pages/index/index",
      "text": "李元芳这个赛季加强了，如果想上一波王者，必拿下李元芳",
      "eventData": {
        "detail": {},
        "changedTouches": [
          {
            "clientX": 91.0999984741211,
            "clientY": 43.15000915527344,
            "force": 1,
            "pageX": 91.0999984741211,
            "pageY": 227.15000915527344,
            "radiusX": 11.5,
            "radiusY": 11.5,
            "screenX": 240,
            "screenY": 260
          }
        ],
        "touches": [
          {
            "clientX": 91.0999984741211,
            "clientY": 43.15000915527344,
            "force": 1,
            "pageX": 91.0999984741211,
            "pageY": 227.15000915527344,
            "radiusX": 11.5,
            "radiusY": 11.5,
            "screenX": 240,
            "screenY": 260
          }
        ]
      },
      "targetCandidates": [
        "/view[3]/view[1]/navigator/view[2]/view[2]"
      ],
      "timeStamp": 59227,
      "waitfor": 772,
      "desc": "",
      "commandType": "operate",
      "layer": "pageframe"
    },
    {
      "tagName": "view",
      "command": "touchmove",
      "target": "/view[3]/view[1]/navigator/view[2]/view[2]",
      "value": null,
      "path": "pages/index/index",
      "text": "李元芳这个赛季加强了，如果想上一波王者，必拿下李元芳",
      "eventData": {
        "detail": {},
        "changedTouches": [
          {
            "clientX": 102.4000015258789,
            "clientY": 248.00003051757812,
            "force": 1,
            "pageX": 102.4000015258789,
            "pageY": 248.00003051757812,
            "radiusX": 11.5,
            "radiusY": 11.5,
            "screenX": 251.1999969482422,
            "screenY": 464.8000183105469
          }
        ],
        "touches": [
          {
            "clientX": 102.4000015258789,
            "clientY": 248.00003051757812,
            "force": 1,
            "pageX": 102.4000015258789,
            "pageY": 248.00003051757812,
            "radiusX": 11.5,
            "radiusY": 11.5,
            "screenX": 251.1999969482422,
            "screenY": 464.8000183105469
          }
        ]
      },
      "targetCandidates": [
        "/view[3]/view[1]/navigator/view[2]/view[2]"
      ],
      "timeStamp": 59839,
      "waitfor": 612,
      "desc": "",
      "commandType": "operate",
      "layer": "pageframe"
    },
    {
      "tagName": "",
      "command": "scroll",
      "target": "/",
      "path": "pages/index/index",
      "eventData": {
        "scrollDetail": {
          "scrollTop": 0,
          "scrollLeft": 0
        }
      },
      "targetCandidates": [],
      "timeStamp": 59841,
      "waitfor": 2,
      "desc": "",
      "commandType": "operate",
      "layer": "pageframe"
    },
    {
      "tagName": "view",
      "command": "touchmove",
      "target": "/view[3]/view[1]/navigator/view[2]/view[2]",
      "value": null,
      "path": "pages/index/index",
      "text": "李元芳这个赛季加强了，如果想上一波王者，必拿下李元芳",
      "eventData": {
        "detail": {},
        "changedTouches": [
          {
            "clientX": 102.4000015258789,
            "clientY": 270.4000244140625,
            "force": 1,
            "pageX": 102.4000015258789,
            "pageY": 270.4000244140625,
            "radiusX": 11.5,
            "radiusY": 11.5,
            "screenX": 251.1999969482422,
            "screenY": 487.20001220703125
          }
        ],
        "touches": [
          {
            "clientX": 102.4000015258789,
            "clientY": 270.4000244140625,
            "force": 1,
            "pageX": 102.4000015258789,
            "pageY": 270.4000244140625,
            "radiusX": 11.5,
            "radiusY": 11.5,
            "screenX": 251.1999969482422,
            "screenY": 487.20001220703125
          }
        ]
      },
      "targetCandidates": [
        "/view[3]/view[1]/navigator/view[2]/view[2]"
      ],
      "timeStamp": 59959,
      "waitfor": 118,
      "desc": "",
      "commandType": "operate",
      "layer": "pageframe"
    },
    {
      "tagName": "view",
      "command": "touchend",
      "target": "/view[3]/view[1]/navigator/view[2]/view[2]",
      "value": null,
      "path": "pages/index/index",
      "text": "李元芳这个赛季加强了，如果想上一波王者，必拿下李元芳",
      "eventData": {
        "detail": {},
        "changedTouches": [
          {
            "clientX": 102.4000015258789,
            "clientY": 270.4000244140625,
            "pageX": 102.4000015258789,
            "pageY": 270.4000244140625,
            "radiusX": 11.5,
            "radiusY": 11.5,
            "screenX": 251.1999969482422,
            "screenY": 487.20001220703125
          }
        ],
        "touches": []
      },
      "targetCandidates": [
        "/view[3]/view[1]/navigator/view[2]/view[2]"
      ],
      "timeStamp": 59983,
      "waitfor": 24,
      "desc": "",
      "commandType": "operate",
      "layer": "pageframe"
    },
    {
      "tagName": "image",
      "command": "touchstart",
      "target": "image.back-pre",
      "value": null,
      "path": "pages/index/index",
      "text": "",
      "eventData": {
        "detail": {},
        "changedTouches": [
          {
            "clientX": 21.5,
            "clientY": 11.949996948242188,
            "force": 1,
            "pageX": 21.5,
            "pageY": 11.949996948242188,
            "radiusX": 11.5,
            "radiusY": 11.5,
            "screenX": 170.40000915527344,
            "screenY": 228.8000030517578
          }
        ],
        "touches": [
          {
            "clientX": 21.5,
            "clientY": 11.949996948242188,
            "force": 1,
            "pageX": 21.5,
            "pageY": 11.949996948242188,
            "radiusX": 11.5,
            "radiusY": 11.5,
            "screenX": 170.40000915527344,
            "screenY": 228.8000030517578
          }
        ]
      },
      "targetCandidates": [
        "image.back-pre",
        ".back-pre",
        "/view[1]/navigator/view/view/image"
      ],
      "timeStamp": 60809,
      "waitfor": 826,
      "desc": "",
      "commandType": "operate",
      "layer": "pageframe"
    },
    {
      "tagName": "image",
      "command": "touchend",
      "target": "image.back-pre",
      "value": null,
      "path": "pages/index/index",
      "text": "",
      "eventData": {
        "detail": {},
        "changedTouches": [
          {
            "clientX": 21.5,
            "clientY": 11.949996948242188,
            "pageX": 21.5,
            "pageY": 11.949996948242188,
            "radiusX": 11.5,
            "radiusY": 11.5,
            "screenX": 170.40000915527344,
            "screenY": 228.8000030517578
          }
        ],
        "touches": []
      },
      "targetCandidates": [
        "image.back-pre",
        ".back-pre",
        "/view[1]/navigator/view/view/image"
      ],
      "timeStamp": 60903,
      "waitfor": 94,
      "desc": "",
      "commandType": "operate",
      "layer": "pageframe"
    },
    {
      "tagName": "image",
      "command": "tap",
      "target": "image.back-pre",
      "value": null,
      "path": "pages/index/index",
      "text": "",
      "eventData": {
        "detail": {
          "x": 21.5,
          "y": 11.949996948242188
        },
        "changedTouches": [
          {
            "clientX": 21.5,
            "clientY": 11.949996948242188,
            "force": 1,
            "pageX": 21.5,
            "pageY": 11.949996948242188,
            "radiusX": 11.5,
            "radiusY": 11.5,
            "screenX": 170.40000915527344,
            "screenY": 228.8000030517578
          }
        ],
        "touches": [
          {
            "clientX": 21.5,
            "clientY": 11.949996948242188,
            "force": 1,
            "pageX": 21.5,
            "pageY": 11.949996948242188,
            "radiusX": 11.5,
            "radiusY": 11.5,
            "screenX": 170.40000915527344,
            "screenY": 228.8000030517578
          }
        ]
      },
      "targetCandidates": [
        "image.back-pre",
        ".back-pre",
        "/view[1]/navigator/view/view/image"
      ],
      "timeStamp": 60905,
      "waitfor": 2,
      "desc": "",
      "commandType": "operate",
      "layer": "pageframe"
    },
    {
      "tagName": "input",
      "command": "touchstart",
      "target": "/view/view[1]/input",
      "childName": "input",
      "path": "pages/serach/search",
      "text": "请输入游戏名字",
      "eventData": {
        "detail": {}
      },
      "targetCandidates": [
        "/view/view[1]/input"
      ],
      "timeStamp": 61955,
      "waitfor": 1050,
      "desc": "",
      "commandType": "operate",
      "layer": "pageframe"
    },
    {
      "tagName": "input",
      "command": "touchend",
      "target": "/view/view[1]/input",
      "childName": "input",
      "path": "pages/serach/search",
      "text": "请输入游戏名字",
      "eventData": {
        "detail": {}
      },
      "targetCandidates": [
        "/view/view[1]/input"
      ],
      "timeStamp": 61965,
      "waitfor": 10,
      "desc": "",
      "commandType": "operate",
      "layer": "pageframe"
    },
    {
      "tagName": "input",
      "command": "tap",
      "target": "/view/view[1]/input",
      "childName": "input",
      "path": "pages/serach/search",
      "text": "请输入游戏名字",
      "eventData": {
        "detail": {
          "x": 115.0999984741211,
          "y": 99.15001678466797
        }
      },
      "targetCandidates": [
        "/view/view[1]/input"
      ],
      "timeStamp": 61967,
      "waitfor": 2,
      "desc": "",
      "commandType": "operate",
      "layer": "pageframe"
    },
    {
      "tagName": "input",
      "command": "input",
      "target": "/view/view[1]/input",
      "value": "王者",
      "childName": "input",
      "path": "pages/serach/search",
      "text": "",
      "eventData": {},
      "targetCandidates": [
        "/view/view[1]/input"
      ],
      "timeStamp": 64248,
      "waitfor": 2281,
      "desc": "",
      "commandType": "operate",
      "layer": "pageframe"
    },
    {
      "timeStamp": 72978,
      "waitfor": 8730,
      "desc": "",
      "layer": "tool",
      "commandType": "operate",
      "command": "stopRecord"
    }
  ]
}